Gene,p_value,p_value_corrected,Fold_Change,Rejected
r1_CTTGTGCGGGAA,4.372007132348483e-59,2.5627248474116023e-56,-1.2324427409191994,True
r1_GCGCAACTGCTC,3.274153667410474e-76,5.757599224141319e-73,-1.463940449380109,True
r1_GATTGGGAGGCA,1.2561061038615991e-48,2.4542917596006908e-46,-1.2608573196640862,True
r1_CCTGTGACACAC,3.2208827214374147e-52,8.702491104001295e-50,-1.3655636038613532,True
r1_AATCTCGTTAAT,1.2999555624977212e-41,1.2031430824485488e-39,-1.2670148608154943,True
r1_GAAGGCTGGAAC,3.4570593018187253e-43,3.799524238905143e-41,-1.175217872226249,True
r1_TTCCGGCTGTAC,8.879497113711924e-47,1.4195086976784015e-44,-1.3443736414237906,True
r1_TGTGGATCTGCT,6.757692235475759e-42,6.4234604303157415e-40,-1.19931750169676,True
r1_GGGCCACGATCA,4.516213136236109e-54,1.3236268000118663e-51,-1.4086458159747195,True
r1_GATTACTGAGCT,1.9523263857480158e-44,2.452261392384204e-42,-1.3203504122172742,True
r1_CGAGATATAGCA,2.5092852532790864e-39,2.052361915298267e-37,-1.288667672006021,True
r1_GGGTGTCAGTGG,4.500015946234696e-28,1.5217842387410988e-26,-1.0441698216932151,True
r1_GCTTCTTGTCCT,1.2970201584762367e-42,1.341652910988507e-40,-1.370048563435655,True
r1_TCTTCACTGGCT,7.591417789626778e-29,2.933957842430481e-27,-1.2195696968355492,True
r1_TCATTTAGTCGA,2.868748098106889e-32,1.4413410087202755e-30,-1.2383770247954968,True
r1_GTCTATTCGGTT,2.11876704463118e-20,3.041511712639943e-19,-1.0768864001725524,True
r1_GTTATACTACCG,2.58764279251606e-22,4.739968594416137e-21,-1.019635654127099,True
r1_CGAATTGGTCGC,3.4057426609671877e-28,1.1629123241380194e-26,-1.1491197133210564,True
r1_GATCGGTACATG,8.221943379071389e-27,2.370211054442137e-25,-1.1722931192328407,True
r1_CGTCGGTCAGTT,1.2495324172429427e-17,1.186235587802584e-16,-1.065660270741614,True
r1_TGCCTGCAATGC,5.082754337416323e-34,2.883233387853743e-32,-1.2136152091871846,True
r1_TCGATCTGAGGT,1.3217171917415499e-19,1.6903561321291021e-18,-1.0738928886792813,True
r1_GACGAGCTATCC,5.53172977220174e-28,1.8528660579841447e-26,-1.209942135788047,True
r1_TTGACTCCTTTT,2.305531413862767e-13,1.215675259753426e-12,-1.1607918175272463,True
r1_CGTTGATCTCTG,6.290406807710956e-26,1.6267177016705463e-24,-1.2424237714541042,True
r1_TTTATCATCCAG,6.0674931984551945e-21,9.359374376739876e-20,-1.0040152402651377,True
r1_GGGCCCCAAATG,1.0837138063731403e-31,5.293640912519908e-30,-1.3315248848852899,True
r1_CGCGGTTTTCTT,2.352186585645422e-23,4.86625895394997e-22,-1.1712489700233035,True
r1_GCAAGTTGACAA,4.7286461136220146e-18,4.75161382331675e-17,-1.007396410582766,True
r1_TAGATCACGAAT,3.830136895340203e-18,3.9158696107300854e-17,-1.0056850688361487,True
r1_TCGTATGCGCAT,1.1420604879271956e-19,1.4712918447032773e-18,-1.0349159899813065,True
r1_AGCATCCCCGTT,3.708291993952367e-22,6.722712857077565e-21,-1.1042053866297676,True
r1_TCGCACCTGCTG,2.7024417201707088e-31,1.2672650039787178e-29,-1.411169285029225,True
r1_AGTAGTGGATTA,9.772963635209768e-29,3.736034033155734e-27,-1.2842989070034383,True
r1_CTGACGTGCACT,5.935021704741447e-19,6.843761093631368e-18,-1.1805887682289702,True
r1_TACGTCAGTTCG,4.61768131141131e-20,6.319216020324349e-19,-1.1053053178727041,True
r1_GCATGTCCAAAC,1.4802691628645993e-22,2.7545537808438074e-21,-1.1939415001890663,True
r1_CAAATGCGTGCG,1.1774976761634038e-23,2.5098541376161765e-22,-1.180413172846079,True
r1_TCTCCGAGTTCA,3.5475355774073213e-25,8.664362934542742e-24,-1.303770114643946,True
r1_ACCAATTCGAAG,1.4632651223647398e-15,1.043874936177848e-14,-1.0683553127674374,True
r1_TACTGTAACAGC,2.961108736678839e-19,3.566513502362835e-18,-1.0938553532933746,True
r1_CGATCGACGTCA,1.9484802170697925e-25,4.8601453357691204e-24,-1.1890048463369363,True
r1_ATTCGAAGAGTA,2.5326080441800123e-25,6.272663726324721e-24,-1.2993915324304453,True
r1_CCCGGATCTGGA,0.0011580548255503019,0.0023734725066785617,1.0769421279334281,True
r1_AGAAAGAGAAGT,9.798152443653382e-26,2.4791440391603558e-24,-1.2825942989943468,True
r1_CGATAACCCTCC,4.214248629158559e-18,4.2836741123556793e-17,-1.0285837411575898,True
r1_ATTGTGATAAAC,1.1443349881543302e-18,1.2736158713097404e-17,-1.1646864094995277,True
r1_GACCCGGGAGAC,6.224477778870669e-19,7.154081159571289e-18,-1.222286125883028,True
r1_GAGGCCCGTTGC,8.88200835861631e-23,1.6977186628942153e-21,-1.1740853503627322,True
r1_TAGGCATCCAGG,2.6449857418618022e-23,5.408380729144162e-22,-1.2362445834729476,True
r1_CCGTTACCGACT,1.6637485775879759e-18,1.7839645571271072e-17,-1.2268329151519375,True
r1_CGGAGCCGTGTT,2.4366305230795212e-20,3.4694856476399497e-19,-1.1967510337758904,True
r1_GTGACTCCTATC,1.0773503634658031e-16,8.957544274962718e-16,-1.1038796782325504,True
r1_CGCGGTCTTACA,6.203985212535785e-18,6.129049436092235e-17,-1.0377689288240326,True
r1_TGGGGGCTCGAT,3.391057320969087e-18,3.48723643211938e-17,-1.143812067859943,True
r1_GCGTGATCAATG,2.089895821891208e-28,7.424407682415535e-27,-1.4122570695270984,True
r1_GTCTCAACTCGC,3.667800666095953e-16,2.8321267013656613e-15,-1.0466742451000743,True
r1_ATGTCCCAACGC,3.4669952447888155e-19,4.147422542830703e-18,-1.1775162557630054,True
r1_CGTTCCCGGGCA,2.473771362848287e-15,1.7126484021924064e-14,-1.3923840397772629,True
r1_ATGACACTGGGT,2.6235326968915924e-16,2.068826119947922e-15,-1.1227504523321137,True
r1_TGATAGCTTTAA,2.6952984721431196e-27,8.463718505827993e-26,-1.5133307345748166,True
r1_ACTAAGGCGTAA,6.063883903815539e-14,3.473400600931474e-13,-1.1062623295435448,True
r1_CCTGTGGATCGC,8.688062492700311e-15,5.58609063744552e-14,-1.1263942808202199,True
r1_CTACGAAATTCT,0.0004283731561494995,0.0009404421911222158,1.0897151290990432,True
r1_CGCACATAGGTC,6.910008667579801e-20,9.24049448056204e-19,-1.196992105719118,True
r1_CCGCGTGGTTGG,4.5748047239897646e-20,6.284995396200001e-19,-1.288559345302194,True
r1_CCCTGTTGCTGG,9.658153243624508e-14,5.383157679528906e-13,-1.0804847253551038,True
r1_ACTAGCGCCTTG,1.694247203031116e-16,1.3795468370070133e-15,-1.0566539995783517,True
r1_GGCTCGTCGCGA,5.211399542559632e-19,6.069037149398088e-18,-1.302659542347048,True
r1_CGTGGTACTCTC,7.395658281815681e-16,5.4851425389184e-15,-1.0939914593506896,True
r1_ATTGTTTTTGTG,9.395825841463003e-15,5.968724719028279e-14,-1.0649297979437713,True
r1_CGGTAGGGAGAT,3.799798667338028e-15,2.5552374594699512e-14,-1.093066428082266,True
r1_GTTTACTTAAGA,2.1717259003893453e-15,1.512467325083035e-14,-1.10444963558917,True
r1_CACCCATTTTGA,5.042678813123592e-19,5.93147203536979e-18,-1.1816441413856822,True
r1_TCTAGGTCATAG,9.929064902781892e-23,1.8875957439504817e-21,-1.3297886267915253,True
r1_CAGTCGCAATGC,5.513713550260328e-25,1.3373607280183154e-23,-1.3980523873481203,True
r1_CTTCTGCTCCGC,1.4337603719510898e-16,1.1781624364841082e-15,-1.1553976862319604,True
r1_CTATGCCCCATA,7.309025486962643e-14,4.146103651233486e-13,-1.1205826156494034,True
r1_TGGACGACTCGT,7.423735708061298e-16,5.4851425389184e-15,-1.1487361050428162,True
r1_TAATATCGACTT,6.833743203834777e-17,5.890753639187969e-16,-1.2354735581153522,True
r1_AAGGGCCGTTCG,5.381707470803264e-21,8.374984590626141e-20,-1.3511796988950349,True
r1_GCTGGAAACTTT,1.0340772474562887e-17,9.991345272812548e-17,-1.1800447010434905,True
r1_GTCGGTGGAATT,1.7536270963793452e-14,1.0839202984123299e-13,-1.011127750289305,True
r1_GAACTCGACCTA,5.960307815815314e-13,2.977614004008872e-12,-1.0608136894715394,True
r1_AACTAACATTGC,6.962651718460711e-15,4.560083071476037e-14,-1.0217789301676616,True
r1_TGGCCTACAGTG,6.591332749714977e-16,4.932280272499484e-15,-1.0608356695442263,True
r1_GAGGGAATCAAG,3.188907665171482e-14,1.8881125014155052e-13,-1.0856883581105687,True
r1_AGTGCCCTGCAT,2.4773834584935106e-17,2.2689993811254365e-16,-1.1382515458723015,True
r1_TGGATCGCCTTT,8.111251243970833e-17,6.874041114468776e-16,-1.149633746483061,True
r1_CAAGTGGATGGT,8.033367845926562e-17,6.824481815005728e-16,-1.2692365408095978,True
r1_CTCGGCCGGGCA,6.412372622405676e-14,3.6551563230147105e-13,-1.0231715526110745,True
r1_CCCCCGCTTTGA,1.1265503081104496e-17,1.082534817930178e-16,-1.2121345086074038,True
r1_ATGAGCTTTAGC,2.8113479379602033e-14,1.6701876178726412e-13,-1.1085923893354541,True
r1_TTTGCATTCGTT,6.968687051431694e-21,1.0656031460819682e-19,-1.3631189175798581,True
r1_TCTTTCTGGTAG,1.4086330260264505e-11,6.078726812926413e-11,1.1042146987941586,True
r1_GACTCTTTTGAT,2.88138295121347e-17,2.6253429635797343e-16,-1.1766949254139487,True
r1_ACGGAATGTGGC,9.799878870480552e-13,4.773708308515249e-12,-1.182903587158281,True
r1_CCCACTCGTCTA,1.9656631948255568e-13,1.0474602206365883e-12,-1.009265874373171,True
r1_GCGTGGCCTTGT,1.0391071379804867e-15,7.550702074953246e-15,-1.2313467582619642,True
r1_TCATAGTGCTTT,2.7184045496043185e-12,1.2546756956638304e-11,-1.0142658220537162,True
r1_AAGATATTGCTG,0.0010201145170566932,0.002109995591623073,1.2422146390836684,True
r1_TTTACGCAAATC,2.4450577171210344e-14,1.4674518756168393e-13,-1.1325647421590694,True
r1_GATGGGCTACTG,1.1494776992719283e-16,9.534700632875878e-16,-1.1423706478014015,True
r1_TCCAAGTGAAGT,2.249936121136939e-13,1.1881419426484407e-12,-1.066166923965746,True
r1_GCGCTGCCGTCT,9.939569261912977e-10,3.6075815370637705e-09,-1.0461291707292013,True
r1_CCGGTATCCTCA,3.6270057751829793e-12,1.658800950756637e-11,-1.0748921290355329,True
r1_CCAGCACGAGTA,2.645076454909877e-10,1.004614891135857e-09,-1.0130898716767844,True
r1_CCCTTCACTACT,1.0941864570324198e-13,6.069800898080474e-13,-1.167939226098369,True
r1_CGACCTGGACCC,2.2559672770029646e-11,9.502080135592128e-11,-1.0748210312447521,True
r1_ATCGTGCGGACC,2.0683532975850206e-15,1.4490833760172345e-14,-1.3004423368181162,True
r1_TATCTGTCCTGC,1.0298045605255537e-18,1.1571318336640167e-17,-1.6830260742018,True
r1_CAGACAGCCCCT,6.029129011661742e-12,2.687509091763542e-11,-1.0967552437991692,True
r1_TTCCGGTGAACC,1.3042154370035918e-14,8.132846971527716e-14,-1.1271963573633057,True
r1_TATATATTGGAT,2.573339356917156e-13,1.3447896758213429e-12,-1.1705035837804818,True
r1_CCTCCGTCATTA,3.3684144541928025e-08,1.094890354472836e-07,-1.0072036588208766,True
r1_AGGGAATGATTT,9.928644173380415e-15,6.280403157873908e-14,-1.2417384885492007,True
r1_GCTCGGTTAGTT,0.004034190670186543,0.007459646996343887,1.069200855440198,True
r1_TGTGCACGGGTC,0.0003002907183398793,0.0006752701127885905,1.1402839535016804,True
r1_GATGGTGCAGTC,0.0017373130538372574,0.0034450105978133627,1.3293676989990184,True
r1_CCGCATGCACAG,3.495760577649366e-11,1.4296034827433513e-10,-1.0563583863164114,True
r1_CCCCCCATAGTC,0.00023318424532435645,0.0005353191845990611,1.6296687942406052,True
r1_CTTCCTCCACTC,3.370228063361982e-11,1.3814792655995445e-10,-1.044394814630659,True
r1_ATAAGACTAGGG,0.00041394243000439953,0.0009121776480736048,1.4028383410176575,True
r1_GTATACCCTAAG,1.6510785598376278e-11,7.021575931014433e-11,-1.1445971546303622,True
r1_TTCAATAAGAGT,0.0013040729254248944,0.0026541808325922186,1.031143460572177,True
r1_GGTCTAGTGTTC,0.000965385291710589,0.002001922211642772,1.054708221795606,True
r1_GTATCCTTTAGC,4.846045977497437e-09,1.675864670880874e-08,-1.0371747206260395,True
r2_TTTTTAGGATGC,5.0946686268388656e-52,1.1945299707061528e-49,-1.1992675092802985,True
r2_GTTTACTTCCCC,1.1550989502786527e-34,6.770805013550036e-33,-1.0573367197314236,True
r2_TACTGTCAGCAC,1.971837391625311e-43,2.311650702115406e-41,-1.1507296883855025,True
r2_TGGTGTCGCTCG,9.630867325982634e-38,7.206757528825728e-36,-1.2394390733242424,True
r2_ACGCAGCTATTT,7.337537567661783e-37,5.161223925093298e-35,-1.1463276116268313,True
r2_TGCGACTAACAC,1.0434881917116077e-34,6.220250797033431e-33,-1.3207964596475223,True
r2_CCTTATATACAG,2.326026159472766e-34,1.3410875414533961e-32,-1.2264983771699423,True
r2_CGCCGGGTGGCA,1.1004116228540587e-28,4.117178380401834e-27,-1.1357822046021155,True
r2_TCTCGAGATGCT,9.578328186765098e-25,2.3073274132090992e-23,-1.004650369062932,True
r2_GTAGTCTGTCAT,7.393748805611177e-36,4.727966281697184e-34,-1.2514495004203359,True
r2_TTTTATCAGGTC,5.151530024218327e-27,1.5235771909694152e-25,-1.0152608699703165,True
r2_GCGGTCATCGGA,5.904924911060153e-19,6.831454247433736e-18,-1.000901152499578,True
r2_CACCTAGCTAAC,3.127785395064929e-23,6.285954991110489e-22,-1.019730818466231,True
r2_GTCCGTGAGCCA,1.5325630419105787e-32,7.926506203528684e-31,-1.2389113420585325,True
r2_CGACAGACGCTA,3.919382065488343e-29,1.5844214625658049e-27,-1.3799272952040391,True
r2_CTACACTCGTTG,2.6752348686048456e-41,2.4125130853546776e-39,-1.46700309389093,True
r2_GGTTGGTGGGGA,1.2765083029838403e-37,9.353082711654513e-36,-1.4877029759396934,True
r2_TGCATGAGCAGG,1.1360812067432006e-27,3.699627411218367e-26,-1.2082092022153628,True
r2_CGGCGCCTGGTC,5.261608251780916e-26,1.3746106267698175e-24,-1.2274478309988068,True
r2_ACCTCCTCTTTC,9.935988325996516e-21,1.4744671283767825e-19,-1.086677701838859,True
r2_CAACCTGTCCGA,1.811912556524493e-23,3.8158661444890074e-22,-1.1235902864729672,True
r2_CATAATGTCAAC,1.0199943592584163e-19,1.3286370968562407e-18,-1.1125773889227042,True
r2_GTCTGCCTACTT,7.371310603287913e-21,1.1222900169594629e-19,-1.1571019571228907,True
r2_GACGGACCTAGA,1.1981116377976936e-26,3.3981924436568455e-25,-1.2085036014516244,True
r2_GCCCTATGGTAT,5.98681211190699e-21,9.27560273021008e-20,-1.2164465607400077,True
r2_CAGATCATTGTC,7.855224546074861e-20,1.0464706336570184e-18,-1.0951351481310072,True
r2_CCTTTGGCTCGA,6.188198664042205e-23,1.1958183901888151e-21,-1.263410859269231,True
r2_TCGTCTGTCCGT,2.5208577357829587e-23,5.184711495174658e-22,-1.1864451276495034,True
r2_AAATATCCAGTA,1.12391283922687e-22,2.1251620728822056e-21,-1.1929152537207024,True
r2_TAGTATAGCATA,1.0925939825013467e-27,3.591264520053492e-26,-1.2718419503572602,True
r2_CTGCTATCATCT,2.1243511413314342e-17,1.9609824052657885e-16,-1.1280970737975917,True
r2_GTGGTATTGTCC,1.2182519350106194e-18,1.3389350173226088e-17,-1.08948045649112,True
r2_ATGAGATTTTCC,1.3711996851417855e-15,9.821811186646966e-15,-1.050212657862139,True
r2_CTTCCGATGATG,8.962750427398208e-15,5.731271500574454e-14,-1.1395466043442641,True
r2_GGCGCATACGCA,8.645785193918989e-17,7.309429453608915e-16,-1.1176000869743288,True
r2_GTACTACCCCCT,5.454514562184172e-24,1.1989704822001083e-22,-1.2048321047964718,True
r2_CATCGTCTTATA,6.597804089398723e-17,5.715388419314116e-16,-1.0410212757915684,True
r2_GATCACGCGTCA,1.9165679294328801e-16,1.5424643953811076e-15,-1.0422963487466612,True
r2_AATAGTGTGTTA,1.0291284068638927e-16,8.576882954834859e-16,-1.1053206462057374,True
r2_ACCAAAGGATCC,1.3812478187659615e-10,5.3441678532452e-10,-1.041673603435529,True
r2_CATAGTCTAAGA,7.123144540544673e-13,3.523502018156908e-12,-1.008372431186981,True
r2_AACGGTGCTTAG,1.3173062206881779e-22,2.4775219134547175e-21,-1.262618219918246,True
r2_ATTCTAGTCTGC,2.8176724580883528e-18,2.940579832372919e-17,-1.146454712923382,True
r2_CACCCCTAAAGC,1.2797722384812512e-17,1.2099352050372474e-16,-1.1597847074219427,True
r2_ACGCCGAACAGC,1.2513318256319551e-17,1.186235587802584e-16,-1.172306276806346,True
r2_CCGCCTAACCCT,8.972157679829869e-21,1.348507630767592e-19,-1.3298823281793732,True
r2_CACAAAAGGCGC,9.781589550385162e-22,1.6699927402283794e-20,-1.3390420449518314,True
r2_TTTTGATAACTA,8.383655905185268e-16,6.168476531074599e-15,-1.0241282592653085,True
r2_TGGCTCCGCATT,6.151568035377917e-20,8.257658313138983e-19,-1.2584780060643332,True
r2_AAAGCACAATAA,1.999087254116141e-15,1.4061579745452933e-14,-1.11733510884703,True
r2_CTCGCGCCACAC,2.0030170656943197e-14,1.2294260069889917e-13,-1.1232212289853003,True
r2_GTAGCTCTTAAT,5.101680023601207e-15,3.3853978571708386e-14,-1.0131259611576156,True
r2_AGCGGCTCCAGT,1.7540425299793873e-18,1.863736428379911e-17,-1.1982406519163769,True
r2_TAGCACATACCG,1.5819630359550432e-15,1.123992726758361e-14,-1.087383409875442,True
r2_TTTATGATTGGA,3.299381143260973e-20,4.660210233272627e-19,-1.2650191108715607,True
r2_TTTAGTGCCGTA,5.1824264219115014e-18,5.1780095812110086e-17,-1.117940573689797,True
r2_GAGAGTTCATTC,1.9150804601573856e-17,1.772457362729875e-16,-1.1322344732945682,True
r2_GTTTAATATCCA,9.24425679745508e-17,7.778002669054908e-16,-1.188689056177267,True
r2_GATGACTACGAG,1.7919635538571986e-20,2.59355383494476e-19,-1.2471179788629634,True
r2_GGGACGCCCTAC,4.964071515532258e-22,8.907469142921914e-21,-1.26314692612918,True
r2_CCAGACGTCTAT,1.5469023877481715e-11,6.610517251166853e-11,-1.11399797832315,True
r2_CGTGATCCCCTC,2.55264177266662e-19,3.1496002352352264e-18,-1.155633814145897,True
r2_CTTGCAAGATAT,2.1462637741889517e-14,1.3059532342253537e-13,-1.0644664122937795,True
r2_ACATCCATCAAT,1.2731037746794026e-14,7.952941342002591e-14,-1.0706440220660065,True
r2_AATTTTGACCCA,4.101816117755128e-20,5.657289131821484e-19,-1.2508552780797988,True
r2_GTTAACGCGAGA,3.963867431051466e-17,3.539838502929383e-16,-1.1148883345591432,True
r2_CAGCGGCAAGTC,0.0008085334737031008,0.0017007250161565823,1.024654929374508,True
r2_GAGACACATCCT,2.9476731731499715e-18,3.0671498668545713e-17,-1.2609074199103354,True
r2_GGGTTAGAAAAT,3.1758518938800476e-12,1.4581554974903562e-11,-1.0115262533810276,True
r2_CTGCATAGACAA,2.3795781087383924e-14,1.4330438713070078e-13,-1.035423400534638,True
r2_GACCATGTCATA,4.009946975368119e-15,2.6862825737847e-14,-1.0516673542706312,True
r2_CTTTAAACATAC,2.7490362918393083e-14,1.6387051929489572e-13,-1.0166554063461517,True
r2_GGTCGGGCCGTT,6.332513049526012e-14,3.615494869347887e-13,-1.016505645751498,True
r2_ACCCCGGAAGCT,4.313458578494262e-14,2.5116612285702516e-13,-1.1356579361115018,True
r2_CCATGTCTAAGG,9.117551543554867e-14,5.106119232274279e-13,-1.058846398325659,True
r2_CGCCCGCGAACG,8.680649258011153e-17,7.321305381396936e-16,-1.293256132003593,True
r2_GCGAGGGCTCTC,0.0003179877590151993,0.0007118796616527408,1.1979994513579675,True
r2_CTCGGCATGGCA,0.0002317795359443345,0.0005324419516108586,1.1424882244284102,True
r2_GCCCTCGGAGTA,7.413739262384248e-21,1.1238845252502326e-19,-1.651372282197936,True
r2_GAGGCAGAGGCT,5.422859742174668e-05,0.0001342167326757798,1.0988640261216995,True
r2_AATACATATAGT,2.269784483764436e-15,1.5776347884188777e-14,-1.1122661048799005,True
r2_TTTCCGGACTAA,4.8880631520765393e-20,6.637574558244474e-19,-1.5032907073345203,True
r2_TTTAACTGGACT,2.089327705500525e-12,9.797554053660463e-12,-1.1380877753989425,True
r2_TATGTCTTCCGA,4.1463232911642005e-11,1.6858519092513866e-10,-1.0777094881086224,True
r2_ACTAGGCGCTGG,1.7153815290437497e-16,1.393301810080108e-15,-1.387647602183097,True
r2_AGGACAATCAGG,3.85286320939849e-14,2.2648166883028217e-13,-1.069563214515654,True
r2_AGCGCTTCCCGT,7.339155043782272e-16,5.468603451055561e-15,-1.1947002942111284,True
r2_TACCTGATCCTA,3.8970284714028983e-13,1.97775600778124e-12,-1.0875758170247734,True
r2_CTGGAAGAATAG,7.413967262369289e-16,5.4851425389184e-15,-1.2550173277159014,True
r2_ATCCACGATTAG,7.326584204942574e-13,3.613968674443623e-12,-1.2287411480203272,True
r2_CGCGTATCAATC,1.9848853727636105e-13,1.0561031552208196e-12,-1.101329786009703,True
r2_ATATCCCATCAC,2.5960727170237833e-13,1.3546569355745764e-12,-1.0653113175113575,True
r2_AAATCTAATCAG,9.286980139816094e-11,3.6699223765992356e-10,-1.0751238177346403,True
r2_ATTCCCAGGGGC,3.5685984198498385e-16,2.7644847230422644e-15,-1.2321836934180583,True
r2_ACTTAATAGTGG,1.9395457684392106e-16,1.5573932574430831e-15,-1.1594784855832134,True
r2_ACACCGCCCTTG,7.527089776087525e-15,4.8752807997237245e-14,-1.2764782262466245,True
r2_TAAGGTACGTTA,1.6400488416897465e-10,6.310778748602669e-10,-1.1657025975166606,True
r2_TCTATTTACCAA,4.110616980455653e-12,1.8606228983606862e-11,-1.160535114791584,True
r2_ATACCGTCAGAA,0.0005437101401944695,0.0011681298491532982,1.1613840742684762,True
r2_GTATAGGCAGTC,3.336310279854063e-08,1.085458210383602e-07,-1.0450710885102383,True
r2_TTGGCCTTTGAC,4.5137457661424764e-10,1.6781018878988466e-09,-1.0041059558334944,True
r2_TCGTTCTTGAGC,2.5485137436584045e-11,1.0619813787259015e-10,-1.0568625166756567,True
r2_GAATTTGACTTA,0.00026560555313386003,0.0006026675679817973,1.350813123553186,True
r2_TAATAATTATAC,3.3941450146778106e-12,1.556350458490464e-11,-1.1295214103095497,True
r2_AGGCAGTTCTTA,0.00551764973450737,0.009921050161688353,1.013172035598341,True
r2_GGGCCCTCTGAT,0.0016581957075268116,0.00330230708005198,1.1648934208456818,True
r2_ATTGTATTTTTT,7.465635270818008e-07,2.2027381919015885e-06,1.0317594967235113,True
r3_GTACTTAATTTC,9.820472347713059e-45,1.2792074535891418e-42,-1.2231487238404979,True
r3_CTGTCCCCCTAT,6.978909281222253e-48,1.2272411971029332e-45,-1.2066213488076674,True
r3_AACTAAGTCAGT,1.3209119276547437e-21,2.2334842545969874e-20,-1.1091146823856126,True
r3_GTCCTCACAACC,2.617296340373927e-29,1.0829448504817766e-27,-1.191912476839509,True
r3_CATCAGGAACGT,1.72994310496556e-36,1.1929823333654656e-34,-1.414621313363296,True
r3_GGGCACTGTAAT,9.060011734967277e-40,7.586681255209504e-38,-1.380766783399283,True
r3_AGCGCCTTGGGC,4.030378013185103e-24,8.971417387577221e-23,-1.2494386933242125,True
r3_TACGGGAGGGTC,3.7572402438054225e-20,5.243735689469711e-19,-1.0022551601455532,True
r3_TTTTAGGTTCGA,6.68007390749598e-26,1.7148773673476907e-24,-1.1326489133983515,True
r3_TGCAGATATAAC,1.3348027125656334e-18,1.4579196087246376e-17,-1.2903260603771909,True
r3_CCGGATTTATTT,4.122435867740367e-18,4.202494767200832e-17,-1.2209467004401555,True
r3_GTCACAAATCGG,1.1827390168210837e-13,6.540397990817219e-13,-1.0022348905999805,True
r3_GGATCCGCTAAC,2.293769199043263e-22,4.22365773457338e-21,-1.125456835354433,True
r3_CACTTAGATGGG,1.4309919592621514e-21,2.408037665418654e-20,-1.3036884464968441,True
r3_GTTATCTTATAA,9.552494569809324e-18,9.255130413779446e-17,-1.0583238026447173,True
r3_CCCCGAGTCAGC,2.835253285998387e-19,3.4384778644332163e-18,-1.2361663083856158,True
r3_CCTAGACAGACA,1.6141904978696192e-14,9.994908417266639e-14,-1.0609081085400687,True
r3_GATCATGGCCAT,3.01781761911742e-26,8.2919254425281e-25,-1.3909072907784952,True
r3_TATTTAAGGGCT,4.17603248298037e-27,1.277139673273214e-25,-1.416410822196671,True
r3_CCTGCGAACACG,5.536371931750327e-16,4.1784163270313086e-15,-1.089792614047945,True
r3_AGAGACGAGCAT,3.0547884894831445e-16,2.3981453387304063e-15,-1.1333738350353233,True
r3_AGTACTAGGGAG,9.574425579184303e-14,5.353458626707661e-13,-1.1074296530483576,True
r3_CGGGACACGTTC,3.0554120674583127e-15,2.0865794643205606e-14,-1.0790662649534748,True
r3_TAGAAGCTACGA,3.3190854841355313e-13,1.7141297573721973e-12,-1.089949221051951,True
r3_AATCAAAGGACG,1.3596388200233169e-10,5.272160672571119e-10,-1.0592055054827705,True
r3_CCATGGATGACA,4.971991388906295e-15,3.305575371414639e-14,-1.1781635726507202,True
r3_TTCTCGGTAACT,1.4746100722339032e-18,1.5957549612451193e-17,-1.3064812532994563,True
r3_TTATTTTTACAA,2.6523788250539383e-14,1.5837718722775385e-13,-1.0783563329736603,True
r3_CTGTCACCCTAT,3.7529204054952154e-21,5.918843527411065e-20,-1.287864461268102,True
r3_TTTACGCTTGGT,5.936394827897251e-14,3.4059217960382764e-13,-1.26213405924605,True
r3_GCTTCACTTGAT,3.0619513275836445e-18,3.176661598558017e-17,-1.3581990264940078,True
r3_GCGCAGGGTAGC,5.654406907145655e-12,2.5268804437650914e-11,-1.1060931083785053,True
r3_CGTGCTATGAAA,1.0119960467023025e-10,3.9767487108960874e-10,-1.2954130163432565,True
r3_GTCATGGTTTCG,4.20455409635117e-10,1.5681247886391373e-09,-1.0061342950560024,True
r3_GTACTAAATTTC,1.1824156126341233e-18,1.311847227013947e-17,-1.3147323746476232,True
r3_TACCCTTCCTAA,1.1558976349639517e-12,5.607299285749267e-12,-1.06793756770273,True
r3_GGAGCATTGTGC,2.2066186545018505e-14,1.3403588614651139e-13,-1.1341103144966613,True
r3_CCGCAGCTTTGA,3.895462625498831e-16,2.9718746320779585e-15,-1.3759657971354615,True
r3_GCGGAGACGTGT,3.433154605648532e-10,1.2913801869589186e-09,-1.0562464045228015,True
r3_GAACTTAATTTC,3.1136872035066556e-15,2.12225540595599e-14,-1.1679692044886056,True
r3_TCGAAATCAGGA,2.90872352380477e-13,1.5088467010651e-12,-1.2897929452413046,True
r3_CCTGATCTCAAT,2.659460609069092e-09,9.381467364188562e-09,-1.1518967979916301,True
r3_GGTTCTAGTTCT,7.896395724219926e-13,3.889583159955389e-12,-1.6314470588252024,True
r4_ATCGGCTACCGA,1.7182194847872748e-70,1.5107444819992115e-67,-1.3429373245326202,True
r4_TAGATATCTTAT,9.286907395343164e-50,1.921297253495406e-47,-1.3183804781774218,True
r4_CCTGGATTGTAC,1.8698873764283882e-55,6.576393902898641e-53,-1.2596273076985374,True
r4_CGGTAATAGGAA,2.8226536390480005e-54,9.024793498665288e-52,-1.2703730599800136,True
r4_ATTGACACTGGC,4.792168969889314e-42,4.681682851972421e-40,-1.1070971880206282,True
r4_GAATGTTCGACT,6.404402859452513e-47,1.072584993175928e-44,-1.2270593148223352,True
r4_GGCCTGAGTGCC,9.094426278068272e-43,9.692453703020034e-41,-1.3197436969725966,True
r4_TGATTTTGGTGC,1.6248685755230003e-31,7.722517270424854e-30,-1.3141132089356495,True
r4_CAGCTCGGTATG,2.3584926234743958e-26,6.583189330761468e-25,-1.1878837960216677,True
r4_GGAGGACGGACC,1.857017247726582e-26,5.22490372820351e-25,-1.2361601363270043,True
r4_ATTTTCCCCACA,9.191470019664876e-36,5.772571439135959e-34,-1.2708890249105016,True
r4_CACTAAATCCTC,5.406951384184844e-29,2.1609372747929657e-27,-1.1219998956304251,True
r4_CATTGAACCAGT,1.0662405444216738e-20,1.5690242655778352e-19,-1.1273463178687044,True
r4_ATACCATGACTA,3.0492158492310686e-21,4.874587337157122e-20,-1.2588871403181425,True
r4_CGTCTGCTGTCA,3.528823318145749e-36,2.298309557392333e-34,-1.3011137423053554,True
r4_CCAGTGGTAATA,1.6863577869672322e-18,1.802711348560412e-17,-1.0402882921401406,True
r4_GGCGCAGATGTG,3.122524912350426e-20,4.428193595458245e-19,-1.0778401361979644,True
r4_ATGTGCTGTAAA,1.5208642111018716e-23,3.222216524364628e-22,-1.0872887069404478,True
r4_CAATAGAACTCG,3.16232615766101e-15,2.1470851537632764e-14,-1.056464836016342,True
r4_CACTTGCGCTGC,8.708344443478274e-33,4.711884216571244e-31,-1.268487401333439,True
r4_GTCCTTAGTCGA,9.28298890152874e-21,1.389288168794748e-19,-1.1345276201084673,True
r4_TCCTTCTCGCCC,8.99467323146868e-24,1.9407525003113709e-22,-1.154031910177822,True
r4_CTTGTCCCTTCC,4.5310169935837464e-27,1.373757479865003e-25,-1.2546621278376946,True
r4_ACAAGAATGTCC,3.7919271692922726e-22,6.839080950974832e-21,-1.2835954225289705,True
r4_ATACCTTTCATC,3.8543176526853886e-16,2.9468772140205463e-15,-1.1081744504873217,True
r4_GAACCGTCGGTA,1.0980129375847896e-21,1.8655611118288428e-20,-1.2806221438663017,True
r4_TCCGGTTACCGG,6.016852361515668e-20,8.107766189827817e-19,-1.080624976659437,True
r4_GTTGATAGGAAT,2.0182142642408204e-14,1.2365957434381473e-13,-1.0379371894957234,True
r4_ACTTCTATAGAA,2.2078397230661694e-19,2.7535362787318145e-18,-1.0851361605323357,True
r4_TAACCGGTGAAT,3.7807887135965495e-16,2.896957277934437e-15,1.0063571502967648,True
r4_GCTCCAAAGTAA,2.676438686614158e-25,6.5825418607146815e-24,-1.2534944264053598,True
r4_TATAGTCTGTCA,6.43184400996416e-21,9.878076586482075e-20,-1.2076393499186264,True
r4_AGAACATGCCCA,7.08794226269621e-13,3.511027174352475e-12,-1.0173835821853474,True
r4_TAGGCCCCATAA,5.775230154228806e-16,4.340060780432204e-15,-1.08084350059819,True
r4_AGACACGTATGA,1.400036983172735e-20,2.0431245102981363e-19,-1.230326079716734,True
r4_ATCATGGGCGTC,5.114083626588493e-18,5.124282653764026e-17,-1.2450300815393176,True
r4_ACTTTAGATCCA,1.1127481392146748e-17,1.0722014261967154e-16,-1.055015735444488,True
r4_GGCAAACGACCC,1.2521838294993342e-28,4.635716345630693e-27,-1.2913992970871555,True
r4_GTATTGCCTTCC,4.1763559047408695e-13,2.107352039737968e-12,-1.0069365178070797,True
r4_ACGTAGCTGACA,4.1354916041240853e-23,8.217245181753902e-22,-1.2694786037364891,True
r4_CCCCTAGCTTCT,5.700441987494435e-22,1.012548205556461e-20,-1.2926754537744258,True
r4_AAAGGAAAAGCG,2.0629035254669016e-20,2.973455614371759e-19,-1.2525138072342021,True
r4_CGTCAAGGAAGG,3.525383046215044e-18,3.6148023829557754e-17,-1.0543031021749012,True
r4_CCCGATGCCGTT,4.457325920164973e-18,4.49180953043559e-17,-1.1179855041633644,True
r4_ACCCATGATATT,4.1066651437285604e-14,2.3991929087198253e-13,-1.1816441413856822,True
r4_GACATACTGGCC,6.670568673818258e-18,6.553181571457769e-17,-1.1795209694927122,True
r4_CGATCACCCAGT,4.015186266769866e-21,6.30420093760251e-20,-1.1566977842554513,True
r4_TTCGCTATTTCC,3.500575525986683e-15,2.3721626444884708e-14,-1.234258767549104,True
r4_GTCACGTTTGTG,2.134691141786598e-17,1.9653687815872945e-16,-1.1937740713046843,True
r4_AGAGAAATAATC,1.679957915277746e-13,9.08986459697205e-13,-1.0108973255999345,True
r4_GACGGCCTTAAA,3.718486303508577e-16,2.8616884747132747e-15,-1.1082508826369983,True
r4_GTATTGTGTTTT,4.310476346995681e-17,3.82826901827874e-16,-1.0951510014000303,True
r4_TAACCCGGGTAC,2.669788290888236e-23,5.427540704655449e-22,-1.341437441318129,True
r4_CTATTGGGGTTC,5.334686185814515e-13,2.6764752233251996e-12,-1.0153295719151954,True
r4_GTGAAGGTTTTA,7.069348538347859e-15,4.621356656016621e-14,-1.3147692246250429,True
r4_CCGGAATTGCGT,3.33482383060814e-20,4.69143016489953e-19,-1.2584055516896797,True
r4_TCTGGTATTCTC,1.3961279594321698e-16,1.1526248904513948e-15,-1.0701487720460063,True
r4_CCCAGCCTCTCC,1.2151962098282137e-13,6.698816724084369e-13,-1.1958333305066147,True
r4_ACCCTATACCGC,1.107070894195667e-19,1.436741082983823e-18,-1.2318721747122259,True
r4_AGCGGATGGTGC,3.233606387996921e-17,2.931080841903395e-16,-1.1268201166411604,True
r4_GAAAATCTACTC,3.68490801607898e-15,2.4874897298560024e-14,-1.0911554371533363,True
r4_GACGTACCTCTG,7.465612359046992e-24,1.6308421532154207e-22,-1.4598171440573968,True
r4_CGAAGGACCATG,5.129952185481673e-19,5.994033832670779e-18,-1.2716795212824559,True
r4_TACCCAGCCAGG,3.859721340122181e-12,1.753829451319084e-11,-1.03632329722324,True
r4_GAACGCCGCCGC,3.479340146926717e-13,1.7786103628984396e-12,-1.230460057328728,True
r4_CAACGAATCCGA,6.037423930249971e-15,3.983793614012973e-14,-1.164883814838106,True
r4_GATTCGTACCGG,6.554655329704971e-15,4.30088111839037e-14,-1.0538407428119625,True
r4_TCCTTCTTACAA,1.1536048403995369e-10,4.5130458550446844e-10,-1.0899554116938281,True
r4_GAGACGACGCAT,1.9238389029062183e-11,8.132381516251406e-11,-1.0941813001353426,True
r4_CTATCATTAGTG,5.742459964899461e-18,5.689079351141241e-17,-1.3259010773080813,True
r4_TACCGAGCTGCA,2.415885454754307e-15,1.675871626108658e-14,-1.1711656235814176,True
r4_AACACCTTTGCT,1.7636342061222845e-19,2.215250536761455e-18,-1.2895594805525699,True
r4_AACCTGCCGACA,1.5188959669420257e-17,1.4169647521843779e-16,-1.1816441413856822,True
r4_GTCGTTTAGCGT,1.4856316703685653e-19,1.8862695251574888e-18,-1.315759066887467,True
r4_TGCGAATTACCC,1.9536218495494845e-18,2.0695445918269688e-17,-1.3025064631341199,True
r4_CCCTACGCCTCC,2.346973996899932e-13,1.23567478249956e-12,-1.0479657061537129,True
r4_GTCCATTACTCA,1.916734885110352e-10,7.351315802544284e-10,-1.0020552162687326,True
r4_GAAGAGGACTAC,2.4331348765062826e-11,1.0199446198656252e-10,-1.1136785468356374,True
r4_CATATCGATCCA,4.098515113972894e-17,3.6492348495804225e-16,-1.2066594578474785,True
r4_AGCCTCTTCAAC,4.480161892957315e-12,2.0175069625519687e-11,-1.0078146854874535,True
r4_TGCCTAGAAAAA,8.553314323051045e-13,4.189694495009822e-12,-1.0998932440377258,True
r4_GGCACGAGCGAC,3.9329637510891166e-20,5.467285973351946e-19,-1.4068256482209378,True
r4_TCACCCTAACTA,3.722352132982054e-12,1.6979912388713208e-11,-1.034802753056411,True
r4_GACTGCGGCCAG,8.755358674506417e-15,5.619086944934136e-14,-1.2844121427432864,True
r4_AAGTGGTGAAAT,3.529453593977427e-21,5.591481211720095e-20,-1.5067746683113883,True
r4_CTCAATAGCGCG,1.740580502468177e-12,8.250163918033125e-12,-1.1404214786591693,True
r4_ATCTTACGGTAA,4.3198749601095115e-11,1.7503456491595797e-10,-1.0785506484215783,True
r4_GTCAGAAATATT,1.047864641816177e-14,6.604551873239238e-14,-1.2483875359722711,True
r4_TCGGCGGGCGCC,1.94344285107311e-13,1.0371909722646629e-12,-1.0754447375537568,True
r4_TTTCGTAACACA,3.0005941240832124e-14,1.7796103767960639e-13,-1.1463740568580125,True
r4_TTCCGGCAGTAG,1.2889648333654064e-11,5.582868619391791e-11,-1.0296410479406322,True
r4_AATGTGTGAAAA,4.132379123158244e-12,1.8680690714842604e-11,-1.1496717516474022,True
r4_TAGGAATACGAG,1.5743955615244953e-11,6.711695987735334e-11,-1.0541420097932461,True
r4_TGCATCCGTGGA,1.288991243585155e-10,5.02035681471649e-10,-1.0907356451874715,True
r4_AGTGTTTCTGTA,9.844753808781292e-16,7.183402312341038e-15,-1.3229520995445327,True
r4_TCCCCGAAGTCC,2.070173647978559e-09,7.3617803032766356e-09,-1.0177808927305712,True
r4_GGTAATACATTC,0.0011118721714487047,0.0022881535558719104,1.127048126344986,True
r4_CCATAAGAGCCC,3.80252425635625e-12,1.7300747489786458e-11,-1.1987176547446234,True
r4_CAAATCGGTTGT,3.9834030158122573e-13,2.0186784447567302e-12,-1.302034953965452,True
r4_GTAGCCCTCTTC,1.101366950046511e-11,4.7998854563984867e-11,-1.1317738329775857,True
r4_AGTAGGACTAAT,1.352772638458945e-10,5.251326014856632e-10,-1.0386186440598895,True
r4_GGCGAAGTGCAA,3.0642402233427464e-08,9.987889588041185e-08,-1.0936900265535652,True
r4_TCATGCAACTCG,2.2477085826859384e-12,1.0512222187907506e-11,-1.1026558452388533,True
r4_CTTGAGGATGGT,4.350068231006647e-13,2.1918610269986215e-12,-1.2365155621871673,True
r4_ATACGCATTAGC,6.540217876926521e-10,2.4035471549791615e-09,-1.0597167118460702,True
r4_AAGTAGCTCATA,1.2953704466086486e-08,4.3430103534057366e-08,-1.2762249329938316,True
r4_ATCGTACGAGTA,4.245558671463907e-06,1.1628995208363366e-05,-1.0762414608027715,True
r4_GATTCACCACGT,4.616020560976859e-09,1.6010398730725457e-08,-1.0178638801642785,True
r4_GAGAAAGGCAGC,3.944079706243378e-10,1.4725401620868324e-09,-1.1073204117625077,True
r4_CCGTCCTGCGCA,2.017637997935824e-11,8.518646865234446e-11,-1.1555706297757888,True
r4_AGAAAGCGAAGC,2.96251376110206e-12,1.3619818167053524e-11,-1.2061664605197513,True
r4_TGTCAAATCTAA,0.0002393591390240436,0.0005487784171757245,1.3084385595311405,True
r4_GCGTCTCTAGCA,1.2292885742093602e-10,4.798454956153518e-10,-1.1361613715916736,True
r4_TCCACAATGCAT,1.4360021200014134e-07,4.4497087718457896e-07,-1.0821084678347677,True
r5_GTCTTGTAGTCC,2.3113237748632626e-59,1.625785143238819e-56,-1.374052433753092,True
r5_CCGCCGACATAC,6.922967520171745e-44,8.395888540842768e-42,-1.4124198192639612,True
r5_TCGTCGCACGAG,4.6436191858613135e-46,7.100699424640974e-44,-1.3945324392354614,True
r5_TAACAATGCGGA,6.818159568163399e-38,5.328770489162373e-36,-1.3478651740645757,True
r5_TCAGACCTCAAG,9.802157131737867e-36,6.048102917951241e-34,-1.3008572997130627,True
r5_TTAGGTTGTAGC,1.53778746923336e-42,1.5452567226553507e-40,-1.2804222958638556,True
r5_AGGAAGATCCGT,9.609040595229051e-33,5.120453905063723e-31,-1.2201566863216808,True
r5_GCTTGGCCATGG,7.002321867420567e-38,5.35373174080829e-36,-1.4217685749612976,True
r5_CTTCACCAAATT,4.389509641337291e-23,8.672980566619805e-22,-1.0547320289034627,True
r5_GAATCCGGTACA,1.3834303196918651e-38,1.1058010078082477e-36,-1.3706779657756991,True
r5_CAGATCAGGGTA,2.7820417437275807e-37,1.9968246556510001e-35,-1.3674590447575805,True
r5_TTCGTTGTGCCC,2.1576474231703377e-24,5.025460918735151e-23,-1.1871336944839852,True
r5_GATCCTGGTAGC,3.7876668392092375e-23,7.568877428124368e-22,-1.1039187776017416,True
r5_GCTTATGTTATC,2.193882661769507e-36,1.4558274191402558e-34,-1.4870534989412771,True
r5_TGCATGGAATGT,2.8267088721971802e-30,1.2426918879396852e-28,-1.2736054907758394,True
r5_ACTGCGCCGCAC,5.200672353240831e-22,9.284652114897462e-21,-1.1361379278119113,True
r5_AAAAAGTATCGC,1.7601950479361765e-24,4.154769116504384e-23,-1.1443309829176265,True
r5_TGAGGCGCCACT,3.892985805227633e-14,2.281938512830931e-13,-1.0497972441837613,True
r5_ACGACCCAACTA,2.269513414772057e-21,3.729849850352021e-20,-1.3249102207493229,True
r5_GCGGTGCAATTC,1.626580405978891e-28,5.9468282922873736e-27,-1.3130731507259326,True
r5_ATGGAAAAGTTC,2.0128836353267828e-21,3.3551240499735995e-20,-1.255346203317916,True
r5_AAGCATGTGTAA,2.306516766834613e-29,9.773517432478715e-28,-1.3025413709876104,True
r5_AGGGAGAGAGGG,2.2147611377030733e-27,7.081195383001553e-26,-1.4094413671629344,True
r5_AATGCCGTTTTT,5.0035707836830166e-21,7.821137087205853e-20,-1.083004273539357,True
r5_CATAAGGAAGGT,7.123886462317214e-18,6.979027489685137e-17,-1.185338624943424,True
r5_GTGGCGTTTTGA,3.392717427027611e-16,2.6398644227557758e-15,-1.122411433404249,True
r5_CGAACATCGCTG,1.374724369338822e-19,1.751777393827767e-18,-1.1270634452031962,True
r5_TCCGTGAGCCGA,4.437755412803921e-17,3.9313818102849845e-16,-1.14288809790319,True
r5_CATAAGCGGTGA,1.3621025554467418e-20,1.996047786460913e-19,-1.2400289480180147,True
r5_AGGGACTACTGA,1.1410709469627622e-24,2.7300316465768945e-23,-1.2697750516643473,True
r5_ACAGAGCCTTCT,5.897457175163676e-23,1.1489437129017544e-21,-1.1928253305620904,True
r5_AGTCCGGGGGTG,7.736893166778228e-14,4.3676811023369227e-13,-1.3318058880065646,True
r5_TTACATGGAGTC,1.2031763823114146e-18,1.3265113907803277e-17,-1.3787906115630186,True
r5_GCAATACGTACG,2.7896877715970035e-28,9.714189992778874e-27,-1.3998707518608007,True
r5_GAAAGATGAGGC,6.49325625022277e-19,7.438691280792665e-18,-1.2602539760820486,True
r5_GAAACTCGGCAA,1.566036717031057e-16,1.28385807314644e-15,-1.0753771940700072,True
r5_GAGCGTGACTCG,1.526183912053663e-21,2.5559946755679677e-20,-1.2625769635185498,True
r5_ATCGTTGGTCTT,1.0333655538280512e-14,6.524859340777839e-14,-1.0013306519172547,True
r5_TCTGACACATTC,2.8651546833151166e-24,6.501128400786622e-23,-1.2843361528616963,True
r5_CATGCGCGCCAC,2.3156205503904108e-21,3.787924407313058e-20,-1.1889075678842222,True
r5_GACCCAGGCTGA,2.040956868847987e-15,1.4327435743988766e-14,-1.135701524039686,True
r5_AGTTGTTCCAGG,6.666952480351141e-18,6.553181571457769e-17,-1.1083951593550434,True
r5_CATCCGACAGCA,8.853284271768728e-18,8.649166884391839e-17,-1.1160557997581053,True
r5_TGCTTATCCAAA,7.742134088889678e-16,5.708403687762053e-15,-1.045071088510238,True
r5_CACATTCACGCA,1.9919051719133263e-13,1.0582372340814455e-12,-1.0675092335310752,True
r5_TTCTTTGTCGCA,2.738828390497837e-19,3.3330309513428696e-18,-1.20469206586829,True
r5_GCGTTTTTGGAT,1.0603291547831857e-12,5.157922043392067e-12,-1.0098058663553682,True
r5_GACCCGCGCCTA,4.235216238770784e-18,4.292580839123011e-17,-1.1440742211411605,True
r5_GGATGACATACC,3.642444803067404e-17,3.2931821008709667e-16,-1.1045458569545232,True
r5_CAAGCCGGTATC,4.2452825792816996e-26,1.1311105175252832e-24,-1.3643167623442807,True
r5_GTTTTACACACA,1.7910109034841966e-17,1.662001410964095e-16,-1.2267068802039778,True
r5_GAAGTCGACATT,2.5796100429470522e-21,4.180870286195753e-20,-1.334221899264098,True
r5_GAACCCGACACT,1.7892569154520145e-15,1.2636177854708303e-14,-1.098824613086633,True
r5_CACATAGTGCTT,9.412784095293098e-16,6.896825346488714e-15,-1.095259835486073,True
r5_TGTGCATGTGCC,2.3991103819307043e-14,1.4423369595299636e-13,-1.098989094631367,True
r5_ATCCAGACCCGC,3.140975150982031e-15,2.1367136568672733e-14,-1.0630442062078458,True
r5_GTTAGTCATCCC,3.9655853572765906e-17,3.539838502929383e-16,-1.2184026913958,True
r5_GGTATCAGTACC,5.706582619937977e-13,2.8589816345187843e-12,-1.0639611211245084,True
r5_TCCCTATTGGAG,3.363878648512378e-13,1.729643451289186e-12,-1.0611691301424047,True
r5_AGTGGCGTGCCA,4.25620251264463e-18,4.3014552405089545e-17,-1.3381394859307991,True
r5_AATTACAATACG,1.8222706203329997e-15,1.2843538620663646e-14,-1.1563330528564946,True
r5_CAACGGCTCCCT,8.688190671886448e-26,2.2142294632626546e-24,-1.5210294333495906,True
r5_TGTGATTTCGAG,1.4233102492720492e-13,7.785042218802173e-13,-1.144784963975029,True
r5_ACAGCGGCAAAT,1.2936348549981553e-18,1.417356319323524e-17,-1.2846381347090077,True
r5_TAACTAACCCAG,2.144464038810196e-18,2.264888896244883e-17,-1.2554529898182272,True
r5_TTGTGTGGGTAG,3.573739558806884e-27,1.1025300024845448e-25,-1.5674216119317157,True
r5_GGGGCCAGACGC,1.0469856747924987e-15,7.59226519225818e-15,-1.3550750863295298,True
r5_TTATGGTGGAAT,4.689206967848712e-15,3.129400551408713e-14,-1.1071598398901352,True
r5_CTATCCGTCGGG,3.659905525898106e-17,3.300484034508625e-16,-1.2078207639447556,True
r5_GGTAACGATGCT,7.656395631336059e-15,4.9499160726854624e-14,-1.096755243799169,True
r5_ATTTGTTTCTGA,5.668627432105325e-17,4.947037885537079e-16,-1.182565696856742,True
r5_TTTTCACCCAGC,1.694524405990986e-16,1.3795468370070133e-15,-1.3196785556810333,True
r5_GCGCAGTCACTT,1.9481993982320135e-12,9.172446162760364e-12,-1.1315206619598457,True
r5_GCGAGACTCAAT,2.054711911700741e-14,1.2567690075567836e-13,-1.1025725703944833,True
r5_TGGTTAGGAAAA,1.9210336323723053e-11,8.130295168535978e-11,-1.0213544367556715,True
r5_GTTAGACCTCAT,7.429276725087565e-17,6.341933553915768e-16,-1.268355774579013,True
r5_TAGACTGTCTCG,4.338263066599325e-12,1.958622747783033e-11,-1.0712201516920314,True
r5_CGCATAACCACA,3.3323450257143695e-13,1.7184541723515304e-12,-1.178205057418911,True
r5_CAATTTCTGTAC,2.3632269883516213e-12,1.0979483907572856e-11,-1.1532995156917205,True
r5_ATGCGACATACG,6.812242942372274e-12,3.021268402058422e-11,-1.1039732453014852,True
r5_GCGATGAAGGTT,9.830881374344576e-14,5.470761043286373e-13,-1.0676741799352196,True
r5_ATATGCAAACTT,7.262870557937595e-15,4.7302806948641707e-14,-1.258361089249091,True
r5_CTAAACTTGCCT,3.329166865288125e-11,1.3662403576684174e-10,-1.0082917277471988,True
r5_TAGCCTAGTTAC,1.282414634284341e-13,7.047269169965667e-13,-1.260387256606961,True
r5_CAGATACACGGA,2.232994800638024e-14,1.3540418472144706e-13,-1.1678981340168608,True
r5_CCCAGTTTTTTG,7.298834424126152e-15,4.74491694448275e-14,-1.2272122971910415,True
r5_CAGTGACCGATT,9.413301021317191e-11,3.7156655097612304e-10,-1.0470861824000415,True
r5_CCAGCTCCGTAC,3.857336355682087e-14,2.2648166883028217e-13,-1.2751043530836674,True
r5_TTAAGACCGCGA,7.074001242769478e-14,4.019266941974193e-13,-1.292675453774426,True
r5_ACATGCGGGTTT,5.4091491077583595e-15,3.582669945760104e-14,-1.2273441853907383,True
r5_CTGACAAGAGAT,3.922074482011104e-14,2.295164052118644e-13,-1.1790540239199743,True
r5_CTGGTGCAGTAA,2.093211006963643e-16,1.6769528727770233e-15,-1.3059722763878838,True
r5_ACATACACCGTA,2.3261108542660867e-11,9.762448537534399e-11,-1.0538885941873095,True
r5_CTGCAGCACTGT,2.9089013028673358e-12,1.3390845395529346e-11,-1.2434917330112776,True
r5_ACGATCAGCCCG,6.586164221450445e-11,2.626251651569299e-10,-1.1339777077553679,True
r5_TGTATGCATGCC,1.687482496750768e-11,7.167724566512621e-11,-1.1266655023354968,True
r5_CTTCTGGGTGGG,4.362477400786775e-12,1.9670298741752678e-11,-1.2604023328142364,True
r5_TAGCGAGCCAGA,1.7609066672636376e-13,9.498633050254928e-13,-1.2314632627943272,True
r5_CCCGGGAAGTCG,1.49686900258814e-10,5.772465221603605e-10,-1.0895125039180307,True
r5_GTCCTACACGAA,3.4556186063095985e-09,1.2104990675688107e-08,-1.0188180786460959,True
r5_ACAATAATGTGC,4.913833647989079e-20,6.646904976914458e-19,-1.7040651760381256,True
r5_CTTGACTTCAGT,1.3813297052226087e-12,6.645877665209186e-12,-1.1244192726927318,True
r5_CACGTGTTCCCA,2.2447078783633742e-13,1.1871635501058628e-12,-1.2668304712051608,True
r5_CCATCAAAATTC,1.3553402531906842e-11,5.855935713110119e-11,-1.1102595081489166,True
r5_AGCTCCGGTACT,1.3789109428477653e-08,4.6055363589701715e-08,-1.003046837928919,True
r5_TATTTGGTGAAT,1.1417569892230125e-09,4.12698800729428e-09,-1.1752886463458585,True
r5_TAGGACGGCGCA,2.3518112236398467e-08,7.751940087667611e-08,-1.092199360936623,True
r5_CTCTATAACCTT,1.0653912316737962e-07,3.348508455582432e-07,1.0101166612971024,True
r6_ACAGATTGGAAC,8.98703737836646e-56,3.511934495523871e-53,-1.2549546721277736,True
r6_CAGAATAGGCTT,9.339186385552931e-45,1.2633045583842178e-42,-1.1463205903978906,True
r6_GCTGGAGTTTCA,9.3033460753437e-57,4.674266878140542e-54,-1.286551672709259,True
r6_GAAATCAACAGT,6.925034055074638e-51,1.5222090482310942e-48,-1.3223530809869504,True
r6_CCAAACTGATCA,3.464170470742625e-52,8.702491104001295e-50,-1.3424284889715257,True
r6_CTTTGCAAGGTA,2.692002476570312e-45,3.9449052958740784e-43,-1.208888977576564,True
r6_ATTAGCCCAATA,6.997569321048742e-29,2.734494589125381e-27,-1.2258235899542314,True
r6_GATAACTTAAGC,5.054830870627574e-48,9.356757985261673e-46,-1.4066272415312848,True
r6_TTACTGCAGTGG,2.4260832243314483e-40,2.0811060243838302e-38,-1.327846232043257,True
r6_GCCGAGGTCGAA,5.276441132042234e-26,1.3746106267698175e-24,-1.0727097698325183,True
r6_CAGCATCCTCAG,3.651466747283602e-24,8.232184968074633e-23,-1.0104266997152214,True
r6_CAGTGTGTAGAT,4.818809317745049e-19,5.706313929464424e-18,-1.1981824104565573,True
r6_CTTATCTAAATC,7.830520482923612e-27,2.2760281436729207e-25,-1.2528071014562525,True
r6_CTCTGCGAATAG,1.8173841787875483e-36,1.2291807993838092e-34,-1.2777912166884469,True
r6_CATGTAACATTA,5.912960251214602e-23,1.1489437129017544e-21,-1.0523075792427625,True
r6_ATTGATAATGTC,4.705291549600237e-30,2.043025972832597e-28,-1.217516881735156,True
r6_ACTCCCCCACAC,2.579464553509018e-35,1.5641339370157267e-33,-1.4010306623166449,True
r6_ACGCCAGCACCT,9.636313671309822e-20,1.2598853227508046e-18,-1.0096726317080362,True
r6_TATCTTGCGCTG,5.592745419650609e-23,1.0988651196039772e-21,-1.046129170729201,True
r6_TCCAGCTCATTC,1.3792954053688034e-25,3.464987100487201e-24,-1.0603150769725123,True
r6_GGCCTCAGGAAT,1.1848582592142924e-29,5.081885972752033e-28,-1.256763621189477,True
r6_TGACTCGGATAC,2.652392369866554e-21,4.279111910468198e-20,-1.078064196409589,True
r6_CAAGCGGCACAT,1.3495842908948685e-24,3.2070864534305763e-23,-1.0870492091050383,True
r6_TGTCAGTCTTTA,1.8386051743622195e-32,9.37155709888685e-31,-1.3064141752278289,True
r6_TTGACGCCAAGT,9.566033363961057e-32,4.738554836767752e-30,-1.2520334692770803,True
r6_CCATGATGTTAA,2.2512201651708534e-14,1.3604022888154452e-13,-1.049854268830141,True
r6_CCCTGAGACTCA,5.103792434916569e-27,1.5235771909694152e-25,-1.127968161603133,True
r6_TCGTCGACGTAG,1.4566902065696266e-32,7.646536502246831e-31,-1.5232883819158423,True
r6_GTCGGACCTGGC,3.3280975453329905e-27,1.0358335457465599e-25,-1.3424422571819088,True
r6_TTTAGCTCCGAT,2.6573245913168256e-29,1.0867221613559624e-27,-1.2744189302031506,True
r6_GGTGTTATCAGG,5.6022767911617074e-18,5.565877817659808e-17,-1.133891009937314,True
r6_GTTCATTGACCA,1.6213283385695624e-18,1.7491447137267334e-17,-1.1274497888679342,True
r6_CGTGTTATTGTG,9.339872015776528e-21,1.391878384723985e-19,-1.1196572544899814,True
r6_AACAGAACCACT,1.8082854745766417e-11,7.662337366368735e-11,-1.1959535040196816,True
r6_TCTATATGCCCG,1.7187775818481653e-19,2.166645432028673e-18,-1.1060479976089062,True
r6_AAATGCAAAATG,3.000254026826931e-17,2.726587445051761e-16,-1.1403282722734476,True
r6_GGTAGTTTCTAG,2.6405702389197336e-18,2.7639540268692567e-17,-1.018307957133045,True
r6_TACCTTACGTAA,7.44659971531848e-23,1.4311306665997319e-21,-1.1331308856986817,True
r6_GTAGAATTCCAT,5.12050990697462e-16,3.872867385554783e-15,-1.0060073914368977,True
r6_ACGGCCTTGCGA,2.7779716812104758e-28,9.714189992778874e-27,-1.223708200952226,True
r6_AGCATCTGTTAG,3.867980899141905e-15,2.5961238210461985e-14,-1.0593883913346842,True
r6_GTCCAGCCGGGA,7.142939249471912e-22,1.2314567323721919e-20,-1.2240274598794532,True
r6_TTACAGAATTCT,6.483869660894721e-12,2.882903868187956e-11,-1.0433618874146193,True
r6_GTGTCGCCAGCG,2.765986381419131e-26,7.659822128701641e-25,-1.2248617405328355,True
r6_GAGATCTTAGTC,1.6565660682876845e-18,1.7816950648831152e-17,-1.061565815336869,True
r6_TTGTACCTATTG,5.1129930586460625e-19,5.994033832670779e-18,-1.125148378869256,True
r6_CTGCCGGTCCAG,6.761001821940063e-17,5.842369387656806e-16,-1.040942724013866,True
r6_TCTCTGAGCCTC,1.6401545190556587e-28,5.9468282922873736e-27,-1.3857848581659074,True
r6_GAGCTGACGATA,9.69247577258889e-16,7.086993200040567e-15,-1.0243853224891368,True
r6_GTTGCTACAGAA,3.7493649566756065e-20,5.243735689469711e-19,-1.1775497274126032,True
r6_GTACCGACATGG,5.376120705297666e-31,2.424079041093832e-29,-1.5445074216739276,True
r6_AGTAAATGGGAT,3.451607960398328e-14,2.0333844550621304e-13,-1.1500577983278488,True
r6_CGGCCTGTTGAT,1.5563500176286995e-19,1.9689507237410563e-18,-1.1562744864716492,True
r6_ATCAGCCCGGGG,3.147348178515824e-28,1.0852179944941325e-26,-1.4312222667400487,True
r6_TCGCCTCAAACG,5.905725917763661e-13,2.954543108502816e-12,-1.0026178741740857,True
r6_GCACCATTGGGC,2.8856588340779232e-21,4.634183616188154e-20,-1.1413476712094437,True
r6_GCTATCAAGGTT,7.917292152554299e-14,4.4623584135470305e-13,-1.0922530252403106,True
r6_GTTAAGAGCGAC,4.645766912635609e-17,4.1053171436531247e-16,-1.01571220930923,True
r6_CGACGATATGTC,1.0026808477480644e-16,8.396258432214148e-16,-1.1140582453297474,True
r6_AGTCGATTGGGG,7.104851674236803e-17,6.079747770873683e-16,-1.0559245360311127,True
r6_GTCTCCCTATGC,2.0041000697492428e-23,4.1706626895314125e-22,-1.3820745388275328,True
r6_CATTCCATGTGC,3.698168118344396e-19,4.4089685668533026e-18,-1.2388178497729163,True
r6_GCGCTTCACAGA,0.001725101049375858,0.003427785531443442,1.2432302552152465,True
r6_CTCCAATATGCA,5.715978065657915e-16,4.304731232744943e-15,-1.1823599414702688,True
r6_CCACTTGCACGG,1.7498214227858366e-18,1.863736428379911e-17,-1.2153165710681864,True
r6_GCGCTTTGCGCC,4.8148551474577563e-14,2.7897603877444695e-13,-1.0035024944782747,True
r6_CGCTAACATATC,4.8940735759949864e-12,2.195466424333465e-11,-1.0745669188221485,True
r6_GTCAAGTAAGCA,9.229355636907483e-13,4.5082838576393915e-12,-1.2288230425533662,True
r6_TGTCCACGTTCA,9.746883148670874e-19,1.102243988227507e-17,-1.0350586098490426,True
r6_ATTCTACGACTA,1.4195332958799467e-16,1.169203419580743e-15,1.1117148013049094,True
r6_ATGTCTGGCTTA,7.954121655137722e-17,6.773522000271033e-16,-1.168568266005182,True
r6_ACCTGGCCTTCC,2.3053507626292666e-19,2.8649889159601165e-18,-1.2435026117927237,True
r6_ACCAGTTGTCAT,9.230598864647528e-18,8.967960278167225e-17,-1.0739633789259266,True
r6_GTAGTACTGATG,1.0391387324142601e-20,1.5355676142440977e-19,-1.2539704062977965,True
r6_CCGTTTAGAAGC,1.7906851408369274e-16,1.4477792276605687e-15,-1.154312159414487,True
r6_CGTCCGCTTGCG,4.89289092287964e-14,2.8303120683828445e-13,-1.033307365138402,True
r6_GTAGTACGAGAA,7.507873221896083e-22,1.2880580547028548e-20,-1.1721950778668053,True
r6_CGTCCTAGATAC,3.113097445534746e-23,6.285954991110489e-22,-1.444678547219476,True
r6_TGCAAGTTCGTT,2.6914153108700395e-13,1.4002526106996936e-12,-1.0038570221703993,True
r6_GTCCGCTGTCAG,2.223375678911269e-16,1.7771846051661213e-15,-1.1686801706017922,True
r6_AGGAACAATATC,3.616491813376684e-13,1.846037983693149e-12,-1.0479728707128892,True
r6_AGCTCTGGAACG,4.22576140525298e-14,2.464677091587849e-13,-1.014662484464646,True
r6_CACCCGGAAGGC,6.783246956422643e-16,5.065112430093086e-15,-1.1774318900987675,True
r6_ATTGTCTGGTGA,4.111839045090474e-11,1.6737659631462034e-10,-1.0012253657765458,True
r6_TTTCAAGAACCG,1.4565985567062777e-17,1.3624620010468028e-16,-1.1995660493829445,True
r6_AAAATGGACAGC,4.6616625639050874e-17,4.109039407833131e-16,-1.2236793611828944,True
r6_CCCTTCTCTAAG,2.7422035201330477e-11,1.1386457827990471e-10,-1.106983136473797,True
r6_ACCGGGCGGATG,5.846825127087274e-22,1.0333308528626102e-20,-1.3160738958139275,True
r6_TGTGCCATACGT,1.800456200489587e-14,1.1089675056255478e-13,-1.0778962165478532,True
r6_GGGTCCTTGCAC,4.1434395387618626e-13,2.093746674974924e-12,-1.0993246034113022,True
r6_AGAGAACCACTA,6.219888080525408e-14,3.5569668909281073e-13,-1.0402882921401406,True
r6_GACGACCCTGAG,2.352919500221225e-14,1.4194198768916035e-13,-1.1454535029688824,True
r6_ATTAGTCTGCGA,1.507244811407745e-13,8.218573646079131e-13,-1.032535121209812,True
r6_AGAATGTGGAAA,4.122722087019203e-16,3.1249167198376154e-15,-1.236685504943644,True
r6_GTCGGGCAACAT,7.894604691848247e-12,3.4924936731107275e-11,-1.4349959938221366,True
r6_GGTCATAAACGC,1.0561054003378138e-14,6.644584423950073e-14,-1.1778920065245746,True
r6_TAACAGCCGGGG,1.0161614016969796e-16,8.488930284485219e-16,-1.1964769395334227,True
r6_CGCATTTTTCCG,8.700877751949743e-20,1.1504130471280919e-18,-1.2222861258830282,True
r6_AGGCCTTAGGGG,2.0166290543862255e-24,4.7283229228509036e-23,-1.3578352872717188,True
r6_GGCCGAGTAGTT,1.7700263895673202e-13,9.533204919001936e-13,-1.2211221927493918,True
r6_GATCTGCCCAAG,2.15726054327653e-20,3.084181028741283e-19,-1.3799728578316606,True
r6_ATTTGTGTCCGC,7.187703491981786e-13,3.550442862542127e-12,-1.1404590385722388,True
r6_GGCGCAACTACG,2.0941863829501687e-21,3.457865497105983e-20,-1.3361939169410786,True
r6_TCTCTTCCAAGT,2.54957493267098e-14,1.5249753466333055e-13,-1.1779637948977335,True
r6_TCCCGCCCAAAT,6.535857065883878e-15,4.2965624861146916e-14,-1.322256444324144,True
r6_TTGACAGGATGC,3.785690788964064e-17,3.4051852953418447e-16,-1.2128176981344887,True
r6_ATATATATAACA,6.94187378720275e-13,3.448385608699445e-12,-1.0570910262256534,True
r6_AACATACTTAAT,1.2314744723642418e-13,6.777927573247321e-13,-1.1737980579225062,True
r6_CTAAGGGCTGTT,8.453525304702358e-11,3.348091046918715e-10,-1.0311383963271346,True
r6_GCCCATTTACCC,1.222396995222761e-17,1.165086783793618e-16,-1.3441516712655113,True
r6_ATGTAAGCGTAC,4.937686355645401e-09,1.705878478664526e-08,-1.1010915712023406,True
r6_CAACGTGTATAA,2.2755634189343884e-12,1.061640765325871e-11,-1.0526720165959729,True
r6_CAGACAACCCTA,6.724857832117389e-13,3.3500460333649936e-12,-1.041613689606708,True
r6_CCCGGAGATAAT,8.488522157660834e-13,4.1637562661775665e-12,-1.0223139877989276,True
r6_TGACACTGACGT,1.8260531985487356e-12,8.620441744021347e-12,-1.2187573144027817,True
r6_CCGTTTCGGATT,1.440607875870334e-14,8.951621730452235e-14,-1.2920794219374463,True
r6_ACGGCAACATCC,4.4841337531269036e-13,2.2561800300067698e-12,-1.0312272988325837,True
r6_CTGAATAAGACC,2.6283040450410473e-19,3.220817186902217e-18,-1.3848070912420771,True
r6_TGTAACGAGGGG,1.0886080869942716e-11,4.75016704957674e-11,-1.0386861875436393,True
r6_ATATGCGTCCAG,8.29983282504998e-12,3.662548562823184e-11,-1.1125064208353106,True
r6_AACTATCATTCG,3.0451779313959642e-19,3.655252827549354e-18,-1.32920132979954,True
r6_GTTTCCCGCGGG,1.780435389995329e-14,1.0985598713357144e-13,-1.169400545630935,True
r6_ATCAGCCGCTAA,9.59049384338641e-15,6.077435467962163e-14,-1.2384550627765392,True
r6_TACGGCACGTGA,8.771181260204074e-20,1.1553649622523495e-18,-1.4857837505491494,True
r6_AAGTTATCGGCT,2.53022665388164e-11,1.0556117605814624e-10,-1.0487498708883367,True
r6_GCCATGTTCGCA,0.0019124114581385919,0.003759614923573744,1.1028092480830174,True
r6_CGCGTAGGTATG,2.414992409478797e-16,1.921612738492518e-15,-1.3035024842587815,True
r6_GGAGTTGATCGC,2.662875780100866e-19,3.2518521245190087e-18,-1.2503568914696965,True
r6_ACGACCGCCGGC,2.2465972102821117e-10,8.579025394747217e-10,-1.0371944423722674,True
r6_CTCGTGGACACG,2.490068345405356e-11,1.0400914929680093e-10,-1.0063980474285568,True
r6_TAAGGGAAACGA,4.924061059346471e-12,2.2061048083721706e-11,-1.0852396574326197,True
r6_CAGCATGGCTAA,8.277881229768262e-14,4.658129325615197e-13,-1.3594888061242325,True
r6_ACTACACGTTCG,0.007637723044243361,0.013304542816544775,1.02499140104723,True
r6_AGATGATTACGT,1.733366367698472e-12,8.227057375432558e-12,-1.4099131290587992,True
r6_CAAACCCCCCTC,1.1485476519453062e-11,4.999309519667874e-11,-1.08482796918836,True
r6_CAACACTTTTGA,8.684951612260215e-11,3.435880182263124e-10,-1.0510146987331992,True
r6_GAAGGGCGCCTG,1.2567508141143632e-10,4.900213540177623e-10,-1.0149942719762306,True
r6_TACGCCAAAGCG,2.2687485467652925e-16,1.8093398274316404e-15,-1.43982914755808,True
r6_GCAACTTACCGT,3.54428415388421e-11,1.4477639220918426e-10,-1.0603378451635486,True
r6_GAGTAGAGGCTC,7.697941583397906e-14,4.352678544824829e-13,-1.1456648442801156,True
r6_TATAGATACTAT,0.0008340884365310113,0.0017492480806676008,1.5268328958208284,True
r6_GGCCGATGGCAT,1.5017549914207884e-12,7.205555668249541e-12,-1.1227504523321137,True
r6_GCAGAAAAGGGC,3.494777560488008e-09,1.2229982766404303e-08,-1.0641982699770007,True
r6_GATTCCATCGAT,0.00720987749801858,0.012672233463533907,1.0086399476912093,True
r6_GCTACTGCAGTC,0.0014035395631143495,0.002851674548511362,1.5274872445837986,True
r6_CAGTATGTGCCT,4.249834811398808e-08,1.3712540396045514e-07,-1.03194016403022,True
r6_CGGCTGAAATAC,3.554843083294898e-07,1.0777916486162203e-06,1.0766678542057089,True
r6_CAGGCACTAACT,0.004862972341782326,0.00881601738456105,1.0806951572118804,True
r6_ACGCCAAGAAGC,0.0007043641908926171,0.001494118733033374,1.23961797843379,True
r6_TCAACGTGAGCG,6.287110935945329e-16,4.7146629342685976e-15,-1.5457646723337903,True
r6_GCGACAAACACT,0.0004019886647695224,0.0008875041644660453,1.130088186395792,True
r6_CAATCGTATACG,0.0009072063875345165,0.0018913129015761083,1.5064118522995777,True
r6_GATCCGCGAGAT,0.002685758814053245,0.005136385942917489,1.181506616228193,True
r6_CCGATGACTATT,5.722777007498434e-05,0.00014104419576294318,1.1145536784082624,True
p1_CGGCACAGTGGA,5.092929376417416e-71,5.9706108722866844e-68,-1.2450695215273158,True
p1_ACCTCCTACTTT,2.5652237480679704e-56,1.1277364902443816e-53,-1.329489609357076,True
p1_CCATGTCCTAGG,1.6530112551580766e-40,1.4534101460977388e-38,-1.3000052842467629,True
p1_GTACAACGTAGC,3.8134166133464205e-45,5.364714491655745e-43,-1.361413392112627,True
p1_ATCCGTGACTCT,5.356981711107765e-33,2.9438288559321896e-31,-1.1877770974337123,True
p1_GAGTGAACTTTG,2.1053891594326803e-43,2.388597959266044e-41,-1.3437496383686953,True
p1_TCTGGCTTCCGA,2.814772054939978e-24,6.428281374820716e-23,-1.0368222227522084,True
p1_ATTGCCACGGGG,6.63334680767368e-22,1.1545323182833707e-20,-1.1174366524356458,True
p1_TTCTCCACCTCC,2.5619829327485787e-24,5.927956562155757e-23,-1.1879856682595087,True
p1_CGATTATTGACA,1.551077323633759e-31,7.472793078383465e-30,-1.3877226624074,True
p1_TTCGCCAGAATG,6.943728385191127e-19,7.928926211271816e-18,-1.0484893625739982,True
p1_ATCTAGTCATCC,3.202479120356635e-26,8.731100051390919e-25,-1.2515639184052738,True
p1_GGCACTCACCCG,2.6704022345424292e-24,6.138434417572369e-23,-1.2167266005411272,True
p1_ATTGGCAGGTCG,2.6918658805971476e-27,8.463718505827993e-26,-1.2778142728794701,True
p1_CATCCCTACTGT,1.231533811550634e-27,3.973673775434477e-26,-1.3012098402914953,True
p1_TGTCCTGCTCAG,8.141052898131181e-20,1.0804559638765042e-18,-1.1551719300244914,True
p1_TAATCAATAATC,7.055197314413409e-17,6.051982671900478e-16,-1.0672787053039972,True
p1_GGCAGCCAAGAG,3.876164903218266e-26,1.0406467148563848e-24,-1.3208588443670541,True
p1_GGGTCCGAATCA,7.6245189978679265e-28,2.5297578599529715e-26,-1.3134340139412233,True
p1_GATGCAACAGCT,5.03165305631485e-33,2.808940285564973e-31,-1.4338717922628932,True
p1_CCCTTGAGTAGG,6.61912459565685e-22,1.1545323182833707e-20,-1.0265484528852502,True
p1_TATAGAGGCAGA,3.5330560620054175e-31,1.63496818027277e-29,-1.3880950188531083,True
p1_CTCTTGGGTTGC,4.6506416258539546e-26,1.2297974885810794e-24,-1.4223492014427104,True
p1_TGGAAGACAGGA,8.808177542859071e-21,1.3295433655895e-19,-1.276140086048126,True
p1_GACAAATGGGTC,1.1992492690138227e-18,1.3263395217363568e-17,-1.0632236484650133,True
p1_CGACTCTATAAG,9.881684789855014e-29,3.736976925367751e-27,-1.4859358846973127,True
p1_GAGTCTTTAGGT,2.4861417074157133e-15,1.7178311168921537e-14,-1.0712601371423713,True
p1_ATGCATCGAAGA,3.3523353285663507e-18,3.4575259092574357e-17,-1.1483679865113836,True
p1_ACAACAAGCACG,1.6320593871958042e-13,8.857951951801919e-13,-1.045071088510238,True
p1_AGCACCAGAGCA,2.3693905346544842e-18,2.4875064210089017e-17,-1.1808195085876436,True
p1_CGGCACAGAGGA,6.121739315395664e-22,1.0765078586123274e-20,-1.2283924005771614,True
p1_AGTGCTATTGGA,1.0032095144964536e-15,7.304943814666724e-15,-1.0282545076696696,True
p1_GGTTTCGCAAAG,5.861617695469461e-19,6.80373248678749e-18,-1.2040367534281704,True
p1_CGCAAAGGATGT,3.368363686793062e-16,2.626726183248603e-15,-1.029641047940632,True
p1_CAGTGTCCAGGC,2.3578027309398764e-12,1.0979483907572856e-11,-1.0021603115185251,True
p1_CTGCAGCCGCCT,5.101703631166041e-17,4.485672917702742e-16,-1.1704106415971098,True
p1_CGCCGAACGTCC,2.238250557571971e-14,1.3548928073976974e-13,-1.0282780860623215,True
p1_GCTAGCACCAGA,6.036638871672806e-17,5.255163096948827e-16,-1.2407233741397041,True
p1_GACTCGATTGCT,1.4745374351947639e-22,2.7545537808438074e-21,-1.2705339024037547,True
p1_GAGCCTGAATCG,1.1137061518947364e-19,1.4400384324315395e-18,-1.228801163039363,True
p1_GACGAAGCTAAT,1.8687676488665707e-13,1.0034283696280504e-12,-1.0432386513413545,True
p1_GCTGAGGTTAGC,7.450376491911449e-27,2.183581176837714e-25,-1.6647000640931773,True
p1_GGGGTCCTGCTT,1.1844906912909003e-17,1.1320254786060045e-16,-1.2753774139126752,True
p1_CCGTTAAAGATA,3.466523860679117e-16,2.6913387236221754e-15,-1.2365280484588068,True
p1_GCTAAGACGACC,7.79562346731202e-19,8.844260559527861e-18,-1.2099331858171058,True
p1_AGTTTAGGTCCG,1.433656857666674e-20,2.083541805129625e-19,-1.362216387027503,True
p1_TTTCTTAAGCCG,6.962090430884839e-13,3.4535503590157943e-12,-1.0046370418107378,True
p1_TGGACGTTAGAC,3.656123286437543e-13,1.86356313020302e-12,-1.156221544505775,True
p1_TGGATAATGGCC,5.1850978861919786e-17,4.547628245819748e-16,-1.2477032157783472,True
p1_AAGGGCCTGTCG,1.0545704172775072e-18,1.177436240496823e-17,-1.2680588932031553,True
p1_CCTCTTCATCGT,1.0189802719117387e-13,5.661538098441683e-13,-1.1548365365460795,True
p1_GTTCTTTTCTAT,2.9500132589840314e-19,3.565359667301319e-18,-1.3395449984116317,True
p1_CCAGGTTTTGTC,9.400924630558014e-20,1.233695967375841e-18,-1.288351149177886,True
p1_CGACATGCAAAA,1.377026167565092e-18,1.4947534047303792e-17,-1.2786685957805466,True
p1_CTCAGAGCGTAG,3.699325699847892e-24,8.286960819340787e-23,-1.4446785472194763,True
p1_CGTACTATCGGC,1.2763311318858792e-15,9.179665829944043e-15,-1.2172680511164033,True
p1_CCGAAGTAGTGG,3.248635760162185e-14,1.920244028317715e-13,-1.1897006962567405,True
p1_ACAATTAGCCAA,4.0418144713702185e-16,3.070207666481438e-15,-1.2159956461764592,True
p1_TGTATAACGGTT,1.892551867521271e-13,1.0131057713960899e-12,-1.2495075946180523,True
p1_ACTTATTTTAAG,1.5217735628932463e-13,8.284949877237689e-13,-1.1912701656936475,True
p1_CACCTCTCTCAC,4.8716922429514665e-11,1.9671345141745473e-10,-1.0562464045228015,True
p1_TAACTTGGACCG,2.7079085137450824e-12,1.2514736192958547e-11,-1.059127812441013,True
p1_CGGATGGGCTAG,1.681257211280312e-12,7.990515691990347e-12,-1.178245564923817,True
p1_TAGGGAAGGAGA,2.7185152215597515e-15,1.8673863348096966e-14,-1.1246882565736063,True
p1_CATGAAACCCAT,1.3546741391476581e-13,7.421166584707653e-13,-1.355292228870712,True
p1_GTTCTTTTCTAG,1.5929721516437963e-14,9.880922499702349e-14,-1.182991824847429,True
p1_AGACCCCCGACT,1.6111790477271687e-13,8.758140202251086e-13,-1.1150110309673467,True
p1_CGATGAAACCGG,1.6499448916863386e-12,7.862948758890045e-12,-1.1496224683351561,True
p1_GTTCTTTTCTAC,1.0439674825724605e-18,1.1693100752252687e-17,-1.411511683284277,True
p1_ACTTCATAACGG,3.0092825261453577e-13,1.5564186241842975e-12,-1.20421455296101,True
p1_AGTACACCGGTC,9.40197183492086e-15,5.968724719028279e-14,-1.2950424683183421,True
p1_GTCCTTCTAGAC,8.819933625057676e-15,5.6502197740123584e-14,-1.300473824334833,True
p1_GCTACATGGGCG,2.722901156463899e-13,1.4145411177671392e-12,-1.2471179788629634,True
p1_GTTCTTTTCTAA,6.157946067878152e-12,2.7414552304718303e-11,-1.203670447715681,True
p1_CGAGACAATTCC,8.663010074101255e-10,3.1540172288420407e-09,-1.093647660387853,True
p1_GCGAGCTAAATG,2.9990139351103054e-13,1.5533920485689166e-12,-1.236987175229457,True
p1_ACTTGGTTTCTG,5.730345007471433e-09,1.971978805408711e-08,-1.0714612236352592,True
p1_GCTCATCCACTG,4.2344636238369374e-11,1.717717250869032e-10,-1.1111709334372304,True
p1_GAAGGTAGTTAG,9.490944148658243e-11,3.7421132926940634e-10,-1.0165848951151857,True
p1_ACCCGTTTGCCA,6.1049844244595304e-09,2.0967998262523604e-08,1.0587540680050815,True
p1_TTGGATGCAGTG,1.464209321379203e-09,5.260085989060937e-09,-1.0057943059862642,True
p1_AGAGTGTCCTGA,0.007147826900473793,0.012575741475220774,1.3717215144411352,True
p1_ATGACGAATTAG,0.004270389655830208,0.007842799174702268,1.098219893935136,True
p1_TACCCGCACTAT,0.0067694984239470984,0.012000164292853803,1.1111376078421635,True
p1_GTCTGATGCAAC,0.008890571420297028,0.015327519453521884,1.1432864416632038,True
Gene,1.4634750096938417e-77,5.147041609093242e-74,-1.3761921420305567,True
